Workbook

Sheet Cu_1stPhase
A1: Freq | B1: Magnitude | C1: Phase | D1: Time (date) | E1: Magnitude - R | F1: Bread Magnitude - Baseline | G1: Time[s] | H1: ln with baseline | I1: ln(Magnitude)
A2: 1000 | B2: 1902.8281 | C2: -13.54693 | D2: Tue Nov 23 14:44:34 2021 | E2: =B2-$P$3 -> 424.82812 | F2: =E2-$R$3 -> 75.696465 | G2: 50 | H2: =LN(F2) -> 4.3267315 | I2: =LN(B2) -> 7.5510965 | L2: All values | M2: 0-500 s | P2: Serie Resistor | R2: Baseline
A3: 1000 | B3: 1902.6025 | C3: -13.585124 | D3: Tue Nov 23 14:44:44 2021 | E3: =B3-$P$3 -> 424.60254 | F3: =E3-$R$3 -> 75.470879 | G3: 60 | H3: =LN(F3) -> 4.3237469 | I3: =LN(B3) -> 7.550978 | K3: Tau: | L3: =1/(0.00008) -> 12500 | M3: =1/(0.00009) -> 11111.111 | N3: s | P3: 1478 | R3: 349.13166
A4: 1000 | B4: 1902.9043 | C4: -13.622047 | D4: Tue Nov 23 14:44:54 2021 | E4: =B4-$P$3 -> 424.9043 | F4: =E4-$R$3 -> 75.772637 | G4: 70 | H4: =LN(F4) -> 4.3277372 | I4: =LN(B4) -> 7.5511366 | L4: =L3/60 -> 208.33333 | M4: =M3/60 -> 185.18519 | N4: min
A5: 1000 | B5: 1901.5708 | C5: -13.586217 | D5: Tue Nov 23 14:45:04 2021 | E5: =B5-$P$3 -> 423.5708 | F5: =E5-$R$3 -> 74.439141 | G5: 80 | H5: =LN(F5) -> 4.3099819 | I5: =LN(B5) -> 7.5504356 | L5: =L4/60 -> 3.4722222 | M5: =M4/60 -> 3.0864198 | N5: h
A6: 1000 | B6: 1901.8483 | C6: -13.584578 | D6: Tue Nov 23 14:45:14 2021 | E6: =B6-$P$3 -> 423.84827 | F6: =E6-$R$3 -> 74.716607 | G6: 90 | H6: =LN(F6) -> 4.3137024 | I6: =LN(B6) -> 7.5505815
A7: 1000 | B7: 1902.1791 | C7: -13.618947 | D7: Tue Nov 23 14:45:24 2021 | E7: =B7-$P$3 -> 424.17908 | F7: =E7-$R$3 -> 75.047417 | G7: 100 | H7: =LN(F7) -> 4.3181201 | I7: =LN(B7) -> 7.5507554
A8: 1000 | B8: 1901.4867 | C8: -13.580698 | D8: Tue Nov 23 14:45:34 2021 | E8: =B8-$P$3 -> 423.48669 | F8: =E8-$R$3 -> 74.355034 | G8: 110 | H8: =LN(F8) -> 4.3088514 | I8: =LN(B8) -> 7.5503913
A9: 1000 | B9: 1900.4116 | C9: -13.547189 | D9: Tue Nov 23 14:45:44 2021 | E9: =B9-$P$3 -> 422.41162 | F9: =E9-$R$3 -> 73.279961 | G9: 120 | H9: =LN(F9) -> 4.2942872 | I9: =LN(B9) -> 7.5498258
A10: 1000 | B10: 1900.6904 | C10: -13.542367 | D10: Tue Nov 23 14:45:54 2021 | E10: =B10-$P$3 -> 422.69043 | F10: =E10-$R$3 -> 73.55877 | G10: 130 | H10: =LN(F10) -> 4.2980847 | I10: =LN(B10) -> 7.5499725
A11: 1000 | B11: 1899.2905 | C11: -13.488503 | D11: Tue Nov 23 14:46:04 2021 | E11: =B11-$P$3 -> 421.29053 | F11: =E11-$R$3 -> 72.158867 | G11: 140 | H11: =LN(F11) -> 4.2788702 | I11: =LN(B11) -> 7.5492357
A12: 1000 | B12: 1898.6239 | C12: -13.439791 | D12: Tue Nov 23 14:46:14 2021 | E12: =B12-$P$3 -> 420.6239 | F12: =E12-$R$3 -> 71.492241 | G12: 150 | H12: =LN(F12) -> 4.2695889 | I12: =LN(B12) -> 7.5488846
A13: 1000 | B13: 1897.187 | C13: -13.391351 | D13: Tue Nov 23 14:46:25 2021 | E13: =B13-$P$3 -> 419.18701 | F13: =E13-$R$3 -> 70.055352 | G13: 160 | H13: =LN(F13) -> 4.2492857 | I13: =LN(B13) -> 7.5481275
A14: 1000 | B14: 1896.0781 | C14: -13.338663 | D14: Tue Nov 23 14:46:35 2021 | E14: =B14-$P$3 -> 418.07812 | F14: =E14-$R$3 -> 68.946465 | G14: 170 | H14: =LN(F14) -> 4.2333303 | I14: =LN(B14) -> 7.5475429
A15: 1000 | B15: 1894.9924 | C15: -13.287683 | D15: Tue Nov 23 14:46:44 2021 | E15: =B15-$P$3 -> 416.99243 | F15: =E15-$R$3 -> 67.860772 | G15: 180 | H15: =LN(F15) -> 4.2174581 | I15: =LN(B15) -> 7.5469701
A16: 1000 | B16: 1893.0443 | C16: -13.196978 | D16: Tue Nov 23 14:46:54 2021 | E16: =B16-$P$3 -> 415.04431 | F16: =E16-$R$3 -> 65.912652 | G16: 190 | H16: =LN(F16) -> 4.1883304 | I16: =LN(B16) -> 7.5459416
A17: 1000 | B17: 1890.7288 | C17: -13.058544 | D17: Tue Nov 23 14:47:04 2021 | E17: =B17-$P$3 -> 412.72876 | F17: =E17-$R$3 -> 63.5971 | G17: 200 | H17: =LN(F17) -> 4.1525679 | I17: =LN(B17) -> 7.5447176
... A40: 1000 | B40: 1861.5708 | C40: -11.398793 | D40: Tue Nov 23 14:50:55 2021 | E40: =B40-$P$3 -> 383.5708 | F40: =E40-$R$3 -> 34.439141 | G40: 430 | H40: =LN(F40) -> 3.5391937 | I40: =LN(B40) -> 7.5291759
A41: 1000 | B41: 1861.0009 | C41: -11.347664 | D41: Tue Nov 23 14:51:05 2021 | E41: =B41-$P$3 -> 383.00085 | F41: =E41-$R$3 -> 33.869194 | G41: 440 | H41: =LN(F41) -> 3.5225059 | I41: =LN(B41) -> 7.5288697 | S41: -0.0017
A42: 1000 | B42: 1860.4247 | C42: -11.395296 | D42: Tue Nov 23 14:51:15 2021 | E42: =B42-$P$3 -> 382.42468 | F42: =E42-$R$3 -> 33.293023 | G42: 450 | H42: =LN(F42) -> 3.5053479 | I42: =LN(B42) -> 7.5285601 | R42: Tau: | S42: =1/ABS(S41) -> 588.23529 | T42: s
A43: 1000 | B43: 1860.8362 | C43: -11.39169 | D43: Tue Nov 23 14:51:26 2021 | E43: =B43-$P$3 -> 382.83618 | F43: =E43-$R$3 -> 33.704522 | G43: 460 | H43: =LN(F43) -> 3.517632 | I43: =LN(B43) -> 7.5287812 | S43: =S42/60 -> 9.8039216 | T43: min
A44: 1000 | B44: 1861.651 | C44: -11.409831 | D44: Tue Nov 23 14:51:35 2021 | E44: =B44-$P$3 -> 383.651 | F44: =E44-$R$3 -> 34.519341 | G44: 470 | H44: =LN(F44) -> 3.5415198 | I44: =LN(B44) -> 7.529219 | S44: =S43/60 -> 0.16339869 | T44: h
A45: 1000 | B45: 1861.6771 | C45: -11.389013 | D45: Tue Nov 23 14:51:45 2021 | E45: =B45-$P$3 -> 383.67712 | F45: =E45-$R$3 -> 34.545464 | G45: 480 | H45: =LN(F45) -> 3.5422763 | I45: =LN(B45) -> 7.529233
A46: 1000 | B46: 1859.7456 | C46: -11.313608 | D46: Tue Nov 23 14:51:55 2021 | E46: =B46-$P$3 -> 381.74561 | F46: =E46-$R$3 -> 32.613945 | G46: 490 | H46: =LN(F46) -> 3.48474 | I46: =LN(B46) -> 7.528195
A47: 1000 | B47: 1858.4182 | C47: -11.23558 | D47: Tue Nov 23 14:52:05 2021 | E47: =B47-$P$3 -> 380.41821 | F47: =E47-$R$3 -> 31.286553 | G47: 500 | H47: =LN(F47) -> 3.4431884 | I47: =LN(B47) -> 7.527481
A48: 1000 | B48: 1857.6576 | C48: -11.168316 | D48: Tue Nov 23 14:52:15 2021 | E48: =B48-$P$3 -> 379.65759 | F48: =E48-$R$3 -> 30.525933 | G48: 510 | H48: =LN(F48) -> 3.4185766 | I48: =LN(B48) -> 7.5270716
A49: 1000 | B49: 1857.3346 | C49: -11.149861 | D49: Tue Nov 23 14:52:25 2021 | E49: =B49-$P$3 -> 379.3346 | F49: =E49-$R$3 -> 30.202935 | G49: 520 | H49: =LN(F49) -> 3.4079391 | I49: =LN(B49) -> 7.5268977
A50: 1000 | B50: 1856.9983 | C50: -11.108866 | D50: Tue Nov 23 14:52:35 2021 | E50: =B50-$P$3 -> 378.99829 | F50: =E50-$R$3 -> 29.866631 | G50: 530 | H50: =LN(F50) -> 3.3967418 | I50: =LN(B50) -> 7.5267166
A51: 1000 | B51: 1856.754 | C51: -11.053406 | D51: Tue Nov 23 14:52:45 2021 | E51: =B51-$P$3 -> 378.75403 | F51: =E51-$R$3 -> 29.622368 | G51: 540 | H51: =LN(F51) -> 3.3885298 | I51: =LN(B51) -> 7.5265851
A52: 1000 | B52: 1854.4463 | C52: -10.90023 | D52: Tue Nov 23 14:52:55 2021 | E52: =B52-$P$3 -> 376.44629 | F52: =E52-$R$3 -> 27.314629 | G52: 550 | H52: =LN(F52) -> 3.3074224 | I52: =LN(B52) -> 7.5253414
A53: 1000 | B53: 1852.5599 | C53: -10.735978 | D53: Tue Nov 23 14:53:05 2021 | E53: =B53-$P$3 -> 374.55994 | F53: =E53-$R$3 -> 25.428277 | G53: 560 | H53: =LN(F53) -> 3.2358618 | I53: =LN(B53) -> 7.5243237
A54: 1000 | B54: 1850.7727 | C54: -10.635288 | D54: Tue Nov 23 14:53:15 2021 | E54: =B54-$P$3 -> 372.77271 | F54: =E54-$R$3 -> 23.641045 | G54: 570 | H54: =LN(F54) -> 3.1629844 | I54: =LN(B54) -> 7.5233585
A55: 1000 | B55: 1849.6559 | C55: -10.558175 | D55: Tue Nov 23 14:53:25 2021 | E55: =B55-$P$3 -> 371.65588 | F55: =E55-$R$3 -> 22.524224 | G55: 580 | H55: =LN(F55) -> 3.1145914 | I55: =LN(B55) -> 7.5227549
A56: 1000 | B56: 1849.0586 | C56: -10.515432 | D56: Tue Nov 23 14:53:36 2021 | E56: =B56-$P$3 -> 371.05859 | F56: =E56-$R$3 -> 21.926934 | G56: 590 | H56: =LN(F56) -> 3.0877157 | I56: =LN(B56) -> 7.5224319
... A119: 1000 | B119: 1926.6694 | C119: -11.777178 | D119: Tue Nov 23 16:10:44 2021 | E119: =B119-$P$3 -> 448.66943 | F119: =E119-$R$3 -> 99.537774 | G119: 1220 | H119: =LN(F119) -> 4.6005372 | I119: =LN(B119) -> 7.5635481

Sheet PANI_1stPhase
A1: Freq | B1: Magnitude | C1: Phase | D1: Time (date) | E1: Magnitude - R | F1: Bread Magnitude - Baseline | G1: Time[s] | H1: ln with baseline | I1: ln(Magnitude)
A2: 1000 | B2: 1953.4762 | C2: -10.560504 | D2: Tue Nov 23 14:41:34 2021 | E2: =B2-$P$3 -> 469.4762 | F2: =E2-$R$3 -> 91.066196 | G2: 0 | H2: =LN(F2) -> 4.5115867 | I2: =LN(B2) -> 7.5773657 | L2: All values | M2: 0-1000 s | P2: Serie Resistor | R2: Baseline
A3: 1000 | B3: 1946.0312 | C3: -10.27455 | D3: Tue Nov 23 14:41:44 2021 | E3: =B3-$P$3 -> 462.03125 | F3: =E3-$R$3 -> 83.62125 | G3: 10 | H3: =LN(F3) -> 4.4262977 | I3: =LN(B3) -> 7.5735473 | K3: Tau: | L3: =1/(0.00003) -> 33333.333 | M3: =1/(0.00004) -> 25000 | N3: s | P3: 1484 | R3: 378.41
A4: 1000 | B4: 1939.306 | C4: -10.050548 | D4: Tue Nov 23 14:41:54 2021 | E4: =B4-$P$3 -> 455.30603 | F4: =E4-$R$3 -> 76.89603 | G4: 20 | H4: =LN(F4) -> 4.3424542 | I4: =LN(B4) -> 7.5700855 | L4: =L3/60 -> 555.55556 | M4: =M3/60 -> 416.66667 | N4: min
A5: 1000 | B5: 1932.6018 | C5: -9.880067 | D5: Tue Nov 23 14:42:03 2021 | E5: =B5-$P$3 -> 448.60181 | F5: =E5-$R$3 -> 70.191807 | G5: 30 | H5: =LN(F5) -> 4.2512316 | I5: =LN(B5) -> 7.5666225 | L5: =L4/60 -> 9.2592593 | M5: =M4/60 -> 6.9444444 | N5: h
A6: 1000 | B6: 1928.4817 | C6: -9.742765 | D6: Tue Nov 23 14:42:14 2021 | E6: =B6-$P$3 -> 444.48169 | F6: =E6-$R$3 -> 66.071689 | G6: 40 | H6: =LN(F6) -> 4.1907403 | I6: =LN(B6) -> 7.5644883
A7: 1000 | B7: 1924.9984 | C7: -9.648919 | D7: Tue Nov 23 14:42:24 2021 | E7: =B7-$P$3 -> 440.99841 | F7: =E7-$R$3 -> 62.588413 | G7: 50 | H7: =LN(F7) -> 4.1365802 | I7: =LN(B7) -> 7.5626804
A8: 1000 | B8: 1921.676 | C8: -9.532956 | D8: Tue Nov 23 14:42:34 2021 | E8: =B8-$P$3 -> 437.67602 | F8: =E8-$R$3 -> 59.266025 | G8: 60 | H8: =LN(F8) -> 4.0820362 | I8: =LN(B8) -> 7.560953
A9: 1000 | B9: 1918.9648 | C9: -9.458316 | D9: Tue Nov 23 14:42:44 2021 | E9: =B9-$P$3 -> 434.96484 | F9: =E9-$R$3 -> 56.554844 | G9: 70 | H9: =LN(F9) -> 4.0352109 | I9: =LN(B9) -> 7.5595412
A10: 1000 | B10: 1915.9034 | C10: -9.380124 | D10: Tue Nov 23 14:42:54 2021 | E10: =B10-$P$3 -> 431.90344 | F10: =E10-$R$3 -> 53.493442 | G10: 80 | H10: =LN(F10) -> 3.9795591 | I10: =LN(B10) -> 7.5579446
A11: 1000 | B11: 1914.142 | C11: -9.321042 | D11: Tue Nov 23 14:43:04 2021 | E11: =B11-$P$3 -> 430.14197 | F11: =E11-$R$3 -> 51.731968 | G11: 90 | H11: =LN(F11) -> 3.9460759 | I11: =LN(B11) -> 7.5570247
A12: 1000 | B12: 1911.1782 | C12: -9.269133 | D12: Tue Nov 23 14:43:14 2021 | E12: =B12-$P$3 -> 427.17822 | F12: =E12-$R$3 -> 48.768223 | G12: 100 | H12: =LN(F12) -> 3.8870789 | I12: =LN(B12) -> 7.5554752
A13: 1000 | B13: 1911.2271 | C13: -9.237331 | D13: Tue Nov 23 14:43:24 2021 | E13: =B13-$P$3 -> 427.22705 | F13: =E13-$R$3 -> 48.817051 | G13: 110 | H13: =LN(F13) -> 3.8880797 | I13: =LN(B13) -> 7.5555007
A14: 1000 | B14: 1907.7328 | C14: -9.174535 | D14: Tue Nov 23 14:43:34 2021 | E14: =B14-$P$3 -> 423.73279 | F14: =E14-$R$3 -> 45.322788 | G14: 120 | H14: =LN(F14) -> 3.81381 | I14: =LN(B14) -> 7.5536708
A15: 1000 | B15: 1905.6176 | C15: -9.134456 | D15: Tue Nov 23 14:43:44 2021 | E15: =B15-$P$3 -> 421.61755 | F15: =E15-$R$3 -> 43.207554 | G15: 130 | H15: =LN(F15) -> 3.7660153 | I15: =LN(B15) -> 7.5525614
A16: 1000 | B16: 1905.2677 | C16: -9.098078 | D16: Tue Nov 23 14:43:54 2021 | E16: =B16-$P$3 -> 421.2677 | F16: =E16-$R$3 -> 42.8577 | G16: 140 | H16: =LN(F16) -> 3.7578853 | I16: =LN(B16) -> 7.5523778
A17: 1000 | B17: 1903.0408 | C17: -9.048477 | D17: Tue Nov 23 14:44:04 2021 | E17: =B17-$P$3 -> 419.04077 | F17: =E17-$R$3 -> 40.630771 | G17: 150 | H17: =LN(F17) -> 3.7045257 | I17: =LN(B17) -> 7.5512083
... A39: 1000 | B39: 1883.1511 | C39: -8.445208 | D39: Tue Nov 23 14:47:45 2021 | E39: =B39-$P$3 -> 399.15112 | F39: =E39-$R$3 -> 20.741123 | G39: 370 | H39: =LN(F39) -> 3.0321183 | I39: =LN(B39) -> 7.5407018
A40: 1000 | B40: 1882.7279 | C40: -8.419089 | D40: Tue Nov 23 14:47:55 2021 | E40: =B40-$P$3 -> 398.7279 | F40: =E40-$R$3 -> 20.317905 | G40: 380 | H40: =LN(F40) -> 3.0115025 | I40: =LN(B40) -> 7.540477 | T40: -0.004
A41: 1000 | B41: 1883.1555 | C41: -8.407955 | D41: Tue Nov 23 14:48:05 2021 | E41: =B41-$P$3 -> 399.15552 | F41: =E41-$R$3 -> 20.745518 | G41: 390 | H41: =LN(F41) -> 3.0323302 | I41: =LN(B41) -> 7.5407041 | S41: Tau: | T41: =1/ABS(T40) -> 250 | U41: s
A42: 1000 | B42: 1882.5773 | C42: -8.401207 | D42: Tue Nov 23 14:48:15 2021 | E42: =B42-$P$3 -> 398.57727 | F42: =E42-$R$3 -> 20.167271 | G42: 400 | H42: =LN(F42) -> 3.004061 | I42: =LN(B42) -> 7.540397 | T42: =T41/60 -> 4.1666667 | U42: min
A43: 1000 | B43: 1881.1798 | C43: -8.36293 | D43: Tue Nov 23 14:48:25 2021 | E43: =B43-$P$3 -> 397.17981 | F43: =E43-$R$3 -> 18.76981 | G43: 410 | H43: =LN(F43) -> 2.9322497 | I43: =LN(B43) -> 7.5396544 | T43: =T42/60 -> 0.069444444 | U43: h
A44: 1000 | B44: 1880.1132 | C44: -8.319408 | D44: Tue Nov 23 14:48:34 2021 | E44: =B44-$P$3 -> 396.11316 | F44: =E44-$R$3 -> 17.703159 | G44: 420 | H44: =LN(F44) -> 2.8737431 | I44: =LN(B44) -> 7.5390872
A45: 1000 | B45: 1879.6466 | C45: -8.30665 | D45: Tue Nov 23 14:48:44 2021 | E45: =B45-$P$3 -> 395.64661 | F45: =E45-$R$3 -> 17.236606 | G45: 430 | H45: =LN(F45) -> 2.8470354 | I45: =LN(B45) -> 7.5388391
A46: 1000 | B46: 1879.9973 | C46: -8.276679 | D46: Tue Nov 23 14:48:54 2021 | E46: =B46-$P$3 -> 395.99731 | F46: =E46-$R$3 -> 17.587314 | G46: 440 | H46: =LN(F46) -> 2.8671778 | I46: =LN(B46) -> 7.5390256
A47: 1000 | B47: 1878.7108 | C47: -8.250423 | D47: Tue Nov 23 14:49:04 2021 | E47: =B47-$P$3 -> 394.71081 | F47: =E47-$R$3 -> 16.300815 | G47: 450 | H47: =LN(F47) -> 2.7912151 | I47: =LN(B47) -> 7.5383411
A48: 1000 | B48: 1878.0934 | C48: -8.234811 | D48: Tue Nov 23 14:49:15 2021 | E48: =B48-$P$3 -> 394.09338 | F48: =E48-$R$3 -> 15.683384 | G48: 460 | H48: =LN(F48) -> 2.7526018 | I48: =LN(B48) -> 7.5380124
A49: 1000 | B49: 1878.5692 | C49: -8.228239 | D49: Tue Nov 23 14:49:25 2021 | E49: =B49-$P$3 -> 394.56921 | F49: =E49-$R$3 -> 16.159214 | G49: 470 | H49: =LN(F49) -> 2.7824904 | I49: =LN(B49) -> 7.5382657
A50: 1000 | B50: 1877.0524 | C50: -8.202462 | D50: Tue Nov 23 14:49:34 2021 | E50: =B50-$P$3 -> 393.05237 | F50: =E50-$R$3 -> 14.642368 | G50: 480 | H50: =LN(F50) -> 2.6839192 | I50: =LN(B50) -> 7.5374579
A51: 1000 | B51: 1877.3896 | C51: -8.191808 | D51: Tue Nov 23 14:49:45 2021 | E51: =B51-$P$3 -> 393.38965 | F51: =E51-$R$3 -> 14.979648 | G51: 490 | H51: =LN(F51) -> 2.7066925 | I51: =LN(B51) -> 7.5376376
A52: 1000 | B52: 1876.4447 | C52: -8.146414 | D52: Tue Nov 23 14:49:55 2021 | E52: =B52-$P$3 -> 392.4447 | F52: =E52-$R$3 -> 14.034702 | G52: 500 | H52: =LN(F52) -> 2.641533 | I52: =LN(B52) -> 7.5371341
A53: 1000 | B53: 1876.1454 | C53: -8.126742 | D53: Tue Nov 23 14:50:05 2021 | E53: =B53-$P$3 -> 392.14539 | F53: =E53-$R$3 -> 13.735386 | G53: 510 | H53: =LN(F53) -> 2.6199754 | I53: =LN(B53) -> 7.5369746
A54: 1000 | B54: 1875.4136 | C54: -8.091745 | D54: Tue Nov 23 14:50:15 2021 | E54: =B54-$P$3 -> 391.41357 | F54: =E54-$R$3 -> 13.003574 | G54: 520 | H54: =LN(F54) -> 2.5652242 | I54: =LN(B54) -> 7.5365845
A55: 1000 | B55: 1875.282 | C55: -8.073686 | D55: Tue Nov 23 14:50:25 2021 | E55: =B55-$P$3 -> 391.28198 | F55: =E55-$R$3 -> 12.871982 | G55: 530 | H55: =LN(F55) -> 2.555053 | I55: =LN(B55) -> 7.5365143
... A135: 1000 | B135: 1876.8177 | C135: -7.873862 | D135: Tue Nov 23 15:03:47 2021 | E135: =B135-$P$3 -> 392.81775 | F135: =E135-$R$3 -> 14.407749 | G135: 1330 | H135: =LN(F135) -> 2.6677662 | I135: =LN(B135) -> 7.5373329

Sheet Cu_2ndPhase
A1: Freq | B1: Magnitude | C1: Phase | D1: Time (date) | E1: Magnitude - R | F1: Bread Magnitude - Baseline | G1: Time[s] | H1: ln with baseline | I1: ln(Magnitude)
A2: 1000 | B2: 2608.6145 | C2: -23.994989 | D2: Tue Nov 23 15:04:37 2021 | E2: =B2-$P$3 -> 1130.6145 | F2: =E2-$R$3 -> 470.07117 | G2: 0 | H2: =LN(F2) -> 6.1528841 | I2: =LN(B2) -> 7.8665745 | L2: All values | M2: 0-1000 s | P2: Serie Resistor | R2: Baseline
A3: 1000 | B3: 2592.8752 | C3: -23.742996 | D3: Tue Nov 23 15:04:47 2021 | E3: =B3-$P$3 -> 1114.8752 | F3: =E3-$R$3 -> 454.33191 | G3: 10 | H3: =LN(F3) -> 6.118828 | I3: =LN(B3) -> 7.8605227 | K3: Tau: | L3: =1/(0.00007) -> 14285.714 | M3: =1/(0.0002) -> 5000 | N3: s | P3: 1478 | R3: 660.54333
A4: 1000 | B4: 2564.6387 | C4: -23.625914 | D4: Tue Nov 23 15:04:58 2021 | E4: =B4-$P$3 -> 1086.6387 | F4: =E4-$R$3 -> 426.09534 | G4: 20 | H4: =LN(F4) -> 6.0546631 | I4: =LN(B4) -> 7.8495729 | L4: =L3/60 -> 238.09524 | M4: =M3/60 -> 83.333333 | N4: min
A5: 1000 | B5: 2537.5286 | C5: -23.420542 | D5: Tue Nov 23 15:05:07 2021 | E5: =B5-$P$3 -> 1059.5286 | F5: =E5-$R$3 -> 398.98523 | G5: 30 | H5: =LN(F5) -> 5.9889244 | I5: =LN(B5) -> 7.8389459 | L5: =L4/60 -> 3.968254 | M5: =M4/60 -> 1.3888889 | N5: h
A6: 1000 | B6: 2516.8997 | C6: -23.277052 | D6: Tue Nov 23 15:05:17 2021 | E6: =B6-$P$3 -> 1038.8997 | F6: =E6-$R$3 -> 378.35633 | G6: 40 | H6: =LN(F6) -> 5.9358364 | I6: =LN(B6) -> 7.8307831
A7: 1000 | B7: 2499.1011 | C7: -23.074156 | D7: Tue Nov 23 15:05:27 2021 | E7: =B7-$P$3 -> 1021.1011 | F7: =E7-$R$3 -> 360.55774 | G7: 50 | H7: =LN(F7) -> 5.8876521 | I7: =LN(B7) -> 7.8236864
A8: 1000 | B8: 2473.5122 | C8: -22.678223 | D8: Tue Nov 23 15:05:37 2021 | E8: =B8-$P$3 -> 995.51221 | F8: =E8-$R$3 -> 334.96888 | G8: 60 | H8: =LN(F8) -> 5.8140376 | I8: =LN(B8) -> 7.8133944
A9: 1000 | B9: 2457.6509 | C9: -22.446775 | D9: Tue Nov 23 15:05:47 2021 | E9: =B9-$P$3 -> 979.65088 | F9: =E9-$R$3 -> 319.10755 | G9: 70 | H9: =LN(F9) -> 5.7655282 | I9: =LN(B9) -> 7.8069612
A10: 1000 | B10: 2446.8457 | C10: -22.264122 | D10: Tue Nov 23 15:05:57 2021 | E10: =B10-$P$3 -> 968.8457 | F10: =E10-$R$3 -> 308.30237 | G10: 80 | H10: =LN(F10) -> 5.731081 | I10: =LN(B10) -> 7.802555
A11: 1000 | B11: 2432.2939 | C11: -21.985874 | D11: Tue Nov 23 15:06:07 2021 | E11: =B11-$P$3 -> 954.29394 | F11: =E11-$R$3 -> 293.75061 | G11: 90 | H11: =LN(F11) -> 5.6827312 | I11: =LN(B11) -> 7.7965901
A12: 1000 | B12: 2419.1868 | C12: -21.754276 | D12: Tue Nov 23 15:06:17 2021 | E12: =B12-$P$3 -> 941.18677 | F12: =E12-$R$3 -> 280.64344 | G12: 100 | H12: =LN(F12) -> 5.637085 | I12: =LN(B12) -> 7.7911867
A13: 1000 | B13: 2409.6406 | C13: -21.574547 | D13: Tue Nov 23 15:06:28 2021 | E13: =B13-$P$3 -> 931.64062 | F13: =E13-$R$3 -> 271.0973 | G13: 110 | H13: =LN(F13) -> 5.6024778 | I13: =LN(B13) -> 7.7872329
A14: 1000 | B14: 2399.572 | C14: -21.420034 | D14: Tue Nov 23 15:06:37 2021 | E14: =B14-$P$3 -> 921.57202 | F14: =E14-$R$3 -> 261.02869 | G14: 120 | H14: =LN(F14) -> 5.5646303 | I14: =LN(B14) -> 7.7830457
A15: 1000 | B15: 2392.4998 | C15: -21.326569 | D15: Tue Nov 23 15:06:47 2021 | E15: =B15-$P$3 -> 914.49976 | F15: =E15-$R$3 -> 253.95643 | G15: 130 | H15: =LN(F15) -> 5.5371627 | I15: =LN(B15) -> 7.780094
A16: 1000 | B16: 2385.5933 | C16: -21.228817 | D16: Tue Nov 23 15:06:57 2021 | E16: =B16-$P$3 -> 907.59326 | F16: =E16-$R$3 -> 247.04993 | G16: 140 | H16: =LN(F16) -> 5.5095905 | I16: =LN(B16) -> 7.7772031
A17: 1000 | B17: 2375.9585 | C17: -21.048349 | D17: Tue Nov 23 15:07:07 2021 | E17: =B17-$P$3 -> 897.9585 | F17: =E17-$R$3 -> 237.41517 | G17: 150 | H17: =LN(F17) -> 5.4698104 | I17: =LN(B17) -> 7.7731562
... A38: 1000 | B38: 2284.7332 | C38: -19.879936 | D38: Tue Nov 23 15:10:38 2021 | E38: =B38-$P$3 -> 806.73315 | F38: =E38-$R$3 -> 146.18982 | G38: 360 | H38: =LN(F38) -> 4.9849059 | I38: =LN(B38) -> 7.7340045
A39: 1000 | B39: 2279.8108 | C39: -19.759125 | D39: Tue Nov 23 15:10:48 2021 | E39: =B39-$P$3 -> 801.81079 | F39: =E39-$R$3 -> 141.26746 | G39: 370 | H39: =LN(F39) -> 4.950655 | I39: =LN(B39) -> 7.7318477 | S39: -0.0029
A40: 1000 | B40: 2279.53 | C40: -19.839474 | D40: Tue Nov 23 15:10:58 2021 | E40: =B40-$P$3 -> 801.53003 | F40: =E40-$R$3 -> 140.9867 | G40: 380 | H40: =LN(F40) -> 4.9486656 | I40: =LN(B40) -> 7.7317246 | R40: Tau: | S40: =1/ABS(S39) -> 344.82759 | T40: s
A41: 1000 | B41: 2278.3394 | C41: -19.82386 | D41: Tue Nov 23 15:11:08 2021 | E41: =B41-$P$3 -> 800.33936 | F41: =E41-$R$3 -> 139.79603 | G41: 390 | H41: =LN(F41) -> 4.9401844 | I41: =LN(B41) -> 7.7312021 | S41: =S40/60 -> 5.7471264 | T41: min
A42: 1000 | B42: 2273.4458 | C42: -19.697256 | D42: Tue Nov 23 15:11:18 2021 | E42: =B42-$P$3 -> 795.4458 | F42: =E42-$R$3 -> 134.90247 | G42: 400 | H42: =LN(F42) -> 4.9045521 | I42: =LN(B42) -> 7.7290519 | S42: =S41/60 -> 0.095785441 | T42: h
A43: 1000 | B43: 2265.2852 | C43: -19.422041 | D43: Tue Nov 23 15:11:28 2021 | E43: =B43-$P$3 -> 787.28516 | F43: =E43-$R$3 -> 126.74183 | G43: 410 | H43: =LN(F43) -> 4.8421522 | I43: =LN(B43) -> 7.7254559
A44: 1000 | B44: 2256.8811 | C44: -19.154816 | D44: Tue Nov 23 15:11:38 2021 | E44: =B44-$P$3 -> 778.8811 | F44: =E44-$R$3 -> 118.33777 | G44: 420 | H44: =LN(F44) -> 4.773543 | I44: =LN(B44) -> 7.7217391
A45: 1000 | B45: 2244.5085 | C45: -18.609861 | D45: Tue Nov 23 15:11:48 2021 | E45: =B45-$P$3 -> 766.50855 | F45: =E45-$R$3 -> 105.96522 | G45: 430 | H45: =LN(F45) -> 4.6631109 | I45: =LN(B45) -> 7.7162419
A46: 1000 | B46: 2238.2976 | C46: -18.396227 | D46: Tue Nov 23 15:11:58 2021 | E46: =B46-$P$3 -> 760.29761 | F46: =E46-$R$3 -> 99.754277 | G46: 440 | H46: =LN(F46) -> 4.6027099 | I46: =LN(B46) -> 7.7134709
A47: 1000 | B47: 2232.3306 | C47: -18.245703 | D47: Tue Nov 23 15:12:09 2021 | E47: =B47-$P$3 -> 754.33057 | F47: =E47-$R$3 -> 93.787236 | G47: 450 | H47: =LN(F47) -> 4.5410288 | I47: =LN(B47) -> 7.7108014
A48: 1000 | B48: 2233.261 | C48: -18.241127 | D48: Tue Nov 23 15:12:18 2021 | E48: =B48-$P$3 -> 755.26099 | F48: =E48-$R$3 -> 94.717656 | G48: 460 | H48: =LN(F48) -> 4.5509004 | I48: =LN(B48) -> 7.7112181
A49: 1000 | B49: 2229.4456 | C49: -18.131052 | D49: Tue Nov 23 15:12:28 2021 | E49: =B49-$P$3 -> 751.44556 | F49: =E49-$R$3 -> 90.902227 | G49: 470 | H49: =LN(F49) -> 4.5097845 | I49: =LN(B49) -> 7.7095082
A50: 1000 | B50: 2226.9097 | C50: -18.051439 | D50: Tue Nov 23 15:12:38 2021 | E50: =B50-$P$3 -> 748.90967 | F50: =E50-$R$3 -> 88.366338 | G50: 480 | H50: =LN(F50) -> 4.4814911 | I50: =LN(B50) -> 7.7083701
A51: 1000 | B51: 2223.7302 | C51: -17.942047 | D51: Tue Nov 23 15:12:48 2021 | E51: =B51-$P$3 -> 745.73022 | F51: =E51-$R$3 -> 85.186895 | G51: 490 | H51: =LN(F51) -> 4.4448476 | I51: =LN(B51) -> 7.7069413
A52: 1000 | B52: 2223.2781 | C52: -17.89395 | D52: Tue Nov 23 15:12:59 2021 | E52: =B52-$P$3 -> 745.27808 | F52: =E52-$R$3 -> 84.734746 | G52: 500 | H52: =LN(F52) -> 4.4395257 | I52: =LN(B52) -> 7.706738
A53: 1000 | B53: 2220.6787 | C53: -17.821646 | D53: Tue Nov 23 15:13:08 2021 | E53: =B53-$P$3 -> 742.67871 | F53: =E53-$R$3 -> 82.135381 | G53: 510 | H53: =LN(F53) -> 4.4083689 | I53: =LN(B53) -> 7.7055682
A54: 1000 | B54: 2216.5173 | C54: -17.691133 | D54: Tue Nov 23 15:13:18 2021 | E54: =B54-$P$3 -> 738.51733 | F54: =E54-$R$3 -> 77.974004 | G54: 520 | H54: =LN(F54) -> 4.3563755 | I54: =LN(B54) -> 7.7036925
... A194: 1000 | B194: 2132.55 | C194: -14.1898 | D194: Tue Nov 23 15:36:42 2021 | E194: =B194-$P$3 -> 654.55005 | F194: =E194-$R$3 -> -5.993281 | G194: 1920 | H194: =LN(F194) -> #NUM! | I194: =LN(B194) -> 7.6650737

Sheet PANI_2ndPhase
A1: Freq | B1: Magnitude | C1: Phase | D1: Time (date) | E1: Magnitude - R | F1: Bread Magnitude - Baseline | G1: Time[s] | H1: ln with baseline | I1: ln(Magnitude)
A2: 1000 | B2: 2156.9961 | C2: -13.418514 | D2: Tue Nov 23 15:04:07 2021 | E2: =B2-$P$3 -> 672.99609 | F2: =E2-$R$3 -> 164.59256 | G2: 0 | H2: =LN(F2) -> 5.1034731 | I2: =LN(B2) -> 7.6764718 | L2: All values | M2: 0-500 s | P2: Serie Resistor | R2: Baseline
A3: 1000 | B3: 2115.6565 | C3: -13.306116 | D3: Tue Nov 23 15:04:17 2021 | E3: =B3-$P$3 -> 631.65649 | F3: =E3-$R$3 -> 123.25296 | G3: 10 | H3: =LN(F3) -> 4.8142389 | I3: =LN(B3) -> 7.6571204 | K3: Tau: | L3: =1/(0.00003) -> 33333.333 | M3: =1/(0.00008) -> 12500 | N3: s | P3: 1484 | R3: 508.40353
A4: 1000 | B4: 2103.998 | C4: -13.143859 | D4: Tue Nov 23 15:04:27 2021 | E4: =B4-$P$3 -> 619.99805 | F4: =E4-$R$3 -> 111.59452 | G4: 20 | H4: =LN(F4) -> 4.7148719 | I4: =LN(B4) -> 7.6515946 | L4: =L3/60 -> 555.55556 | M4: =M3/60 -> 208.33333 | N4: min
A5: 1000 | B5: 2086.5623 | C5: -12.864982 | D5: Tue Nov 23 15:04:37 2021 | E5: =B5-$P$3 -> 602.56226 | F5: =E5-$R$3 -> 94.158726 | G5: 30 | H5: =LN(F5) -> 4.5449819 | I5: =LN(B5) -> 7.6432731 | L5: =L4/60 -> 9.2592593 | M5: =M4/60 -> 3.4722222 | N5: h
A6: 1000 | B6: 2076.5999 | C6: -12.661346 | D6: Tue Nov 23 15:04:47 2021 | E6: =B6-$P$3 -> 592.59985 | F6: =E6-$R$3 -> 84.196324 | G6: 40 | H6: =LN(F6) -> 4.4331513 | I6: =LN(B6) -> 7.6384871
A7: 1000 | B7: 2068.8491 | C7: -12.498638 | D7: Tue Nov 23 15:04:57 2021 | E7: =B7-$P$3 -> 584.84912 | F7: =E7-$R$3 -> 76.445591 | G7: 50 | H7: =LN(F7) -> 4.3365793 | I7: =LN(B7) -> 7.6347478
A8: 1000 | B8: 2062.7603 | C8: -12.349589 | D8: Tue Nov 23 15:05:07 2021 | E8: =B8-$P$3 -> 578.76025 | F8: =E8-$R$3 -> 70.356724 | G8: 60 | H8: =LN(F8) -> 4.2535784 | I8: =LN(B8) -> 7.6318003
A9: 1000 | B9: 2057.7886 | C9: -12.235238 | D9: Tue Nov 23 15:05:17 2021 | E9: =B9-$P$3 -> 573.78857 | F9: =E9-$R$3 -> 65.385044 | G9: 70 | H9: =LN(F9) -> 4.1802935 | I9: =LN(B9) -> 7.6293872
A10: 1000 | B10: 1984.8621 | C10: -10.556323 | D10: Tue Nov 23 15:05:27 2021 | E10: =B10-$P$3 -> 500.86206 | F10: =E10-$R$3 -> -7.541469 | G10: 80 | H10: =LN(F10) -> #NUM! | I10: =LN(B10) -> 7.5933047
A11: 1000 | B11: 2011.4231 | C11: -11.500159 | D11: Tue Nov 23 15:05:37 2021 | E11: =B11-$P$3 -> 527.4231 | F11: =E11-$R$3 -> 19.019566 | G11: 90 | H11: =LN(F11) -> 2.9454682 | I11: =LN(B11) -> 7.6065978
A12: 1000 | B12: 2011.2189 | C12: -11.500802 | D12: Tue Nov 23 15:05:47 2021 | E12: =B12-$P$3 -> 527.21887 | F12: =E12-$R$3 -> 18.815342 | G12: 100 | H12: =LN(F12) -> 2.9346726 | I12: =LN(B12) -> 7.6064962
A13: 1000 | B13: 2009.3417 | C13: -11.48374 | D13: Tue Nov 23 15:05:57 2021 | E13: =B13-$P$3 -> 525.34167 | F13: =E13-$R$3 -> 16.938145 | G13: 110 | H13: =LN(F13) -> 2.8295682 | I13: =LN(B13) -> 7.6055624
A14: 1000 | B14: 2008.1082 | C14: -11.436926 | D14: Tue Nov 23 15:06:07 2021 | E14: =B14-$P$3 -> 524.10815 | F14: =E14-$R$3 -> 15.704624 | G14: 120 | H14: =LN(F14) -> 2.7539552 | I14: =LN(B14) -> 7.6049483
A15: 1000 | B15: 2007.7078 | C15: -11.422173 | D15: Tue Nov 23 15:06:18 2021 | E15: =B15-$P$3 -> 523.70776 | F15: =E15-$R$3 -> 15.304234 | G15: 130 | H15: =LN(F15) -> 2.7281295 | I15: =LN(B15) -> 7.6047489
A16: 1000 | B16: 2006.693 | C16: -11.391259 | D16: Tue Nov 23 15:06:27 2021 | E16: =B16-$P$3 -> 522.69299 | F16: =E16-$R$3 -> 14.289463 | G16: 140 | H16: =LN(F16) -> 2.6595224 | I16: =LN(B16) -> 7.6042434
A17: 1000 | B17: 2005.5006 | C17: -11.336317 | D17: Tue Nov 23 15:06:38 2021 | E17: =B17-$P$3 -> 521.50061 | F17: =E17-$R$3 -> 13.09708 | G17: 150 | H17: =LN(F17) -> 2.5723893 | I17: =LN(B17) -> 7.603649
... A39: 1000 | B39: 1992.391 | C39: -10.749426 | D39: Tue Nov 23 15:10:18 2021 | E39: =B39-$P$3 -> 508.39099 | F39: =E39-$R$3 -> -0.012539 | G39: 370 | H39: =LN(F39) -> #NUM! | I39: =LN(B39) -> 7.5970907
A40: 1000 | B40: 1992.5219 | C40: -10.73955 | D40: Tue Nov 23 15:10:28 2021 | E40: =B40-$P$3 -> 508.52185 | F40: =E40-$R$3 -> 0.118321 | G40: 380 | H40: =LN(F40) -> -2.134354 | I40: =LN(B40) -> 7.5971564 | T40: -0.0127
A41: 1000 | B41: 1992.1241 | C41: -10.722024 | D41: Tue Nov 23 15:10:38 2021 | E41: =B41-$P$3 -> 508.12415 | F41: =E41-$R$3 -> -0.279384 | G41: 390 | H41: =LN(F41) -> #NUM! | I41: =LN(B41) -> 7.5969568 | S41: Tau: | T41: =1/ABS(T40) -> 78.740157 | U41: s
A42: 1000 | B42: 1991.9896 | C42: -10.714483 | D42: Tue Nov 23 15:10:48 2021 | E42: =B42-$P$3 -> 507.98962 | F42: =E42-$R$3 -> -0.413906 | G42: 400 | H42: =LN(F42) -> #NUM! | I42: =LN(B42) -> 7.5968892 | T42: =T41/60 -> 1.312336 | U42: min
A43: 1000 | B43: 1991.9467 | C43: -10.68066 | D43: Tue Nov 23 15:10:58 2021 | E43: =B43-$P$3 -> 507.94665 | F43: =E43-$R$3 -> -0.456875 | G43: 410 | H43: =LN(F43) -> #NUM! | I43: =LN(B43) -> 7.5968677 | T43: =T42/60 -> 0.021872266 | U43: h
A44: 1000 | B44: 1991.1143 | C44: -10.656919 | D44: Tue Nov 23 15:11:08 2021 | E44: =B44-$P$3 -> 507.11426 | F44: =E44-$R$3 -> -1.289272 | G44: 420 | H44: =LN(F44) -> #NUM! | I44: =LN(B44) -> 7.5964497
A45: 1000 | B45: 1991.0686 | C45: -10.634393 | D45: Tue Nov 23 15:11:18 2021 | E45: =B45-$P$3 -> 507.0686 | F45: =E45-$R$3 -> -1.334926 | G45: 430 | H45: =LN(F45) -> #NUM! | I45: =LN(B45) -> 7.5964268
A46: 1000 | B46: 1991.6398 | C46: -10.604476 | D46: Tue Nov 23 15:11:28 2021 | E46: =B46-$P$3 -> 507.63977 | F46: =E46-$R$3 -> -0.763759 | G46: 440 | H46: =LN(F46) -> #NUM! | I46: =LN(B46) -> 7.5967136
A47: 1000 | B47: 1990.5851 | C47: -10.603096 | D47: Tue Nov 23 15:11:38 2021 | E47: =B47-$P$3 -> 506.58508 | F47: =E47-$R$3 -> -1.818447 | G47: 450 | H47: =LN(F47) -> #NUM! | I47: =LN(B47) -> 7.5961839
A48: 1000 | B48: 1990.8475 | C48: -10.584328 | D48: Tue Nov 23 15:11:48 2021 | E48: =B48-$P$3 -> 506.84753 | F48: =E48-$R$3 -> -1.555996 | G48: 460 | H48: =LN(F48) -> #NUM! | I48: =LN(B48) -> 7.5963157
A49: 1000 | B49: 1989.9745 | C49: -10.555477 | D49: Tue Nov 23 15:11:58 2021 | E49: =B49-$P$3 -> 505.97449 | F49: =E49-$R$3 -> -2.429043 | G49: 470 | H49: =LN(F49) -> #NUM! | I49: =LN(B49) -> 7.5958771
A50: 1000 | B50: 1989.8922 | C50: -10.519057 | D50: Tue Nov 23 15:12:08 2021 | E50: =B50-$P$3 -> 505.89221 | F50: =E50-$R$3 -> -2.511318 | G50: 480 | H50: =LN(F50) -> #NUM! | I50: =LN(B50) -> 7.5958358
A51: 1000 | B51: 1989.4539 | C51: -10.492816 | D51: Tue Nov 23 15:12:19 2021 | E51: =B51-$P$3 -> 505.45386 | F51: =E51-$R$3 -> -2.949673 | G51: 490 | H51: =LN(F51) -> #NUM! | I51: =LN(B51) -> 7.5956154
A52: 1000 | B52: 1989.8 | C52: -10.500248 | D52: Tue Nov 23 15:12:28 2021 | E52: =B52-$P$3 -> 505.80005 | F52: =E52-$R$3 -> -2.603481 | G52: 500 | H52: =LN(F52) -> #NUM! | I52: =LN(B52) -> 7.5957894
A53: 1000 | B53: 1989.8889 | C53: -10.485234 | D53: Tue Nov 23 15:12:38 2021 | E53: =B53-$P$3 -> 505.88892 | F53: =E53-$R$3 -> -2.514614 | G53: 510 | H53: =LN(F53) -> #NUM! | I53: =LN(B53) -> 7.5958341
A54: 1000 | B54: 1989.6257 | C54: -10.472709 | D54: Tue Nov 23 15:12:48 2021 | E54: =B54-$P$3 -> 505.62573 | F54: =E54-$R$3 -> -2.777798 | G54: 520 | H54: =LN(F54) -> #NUM! | I54: =LN(B54) -> 7.5957018
A55: 1000 | B55: 1989.4974 | C55: -10.438899 | D55: Tue Nov 23 15:12:58 2021 | E55: =B55-$P$3 -> 505.49744 | F55: =E55-$R$3 -> -2.906093 | G55: 530 | H55: =LN(F55) -> #NUM! | I55: =LN(B55) -> 7.5956373
... A196: 1000 | B196: 2006.828 | C196: -8.78908 | D196: Tue Nov 23 15:36:32 2021 | E196: =B196-$P$3 -> 522.828 | F196: =E196-$R$3 -> 14.424473 | G196: 1940 | H196: =LN(F196) -> 2.6689263 | I196: =LN(B196) -> 7.6043106

Sheet Cu_3rdPhase
A1: Freq | B1: Magnitude | C1: Phase | D1: Time (date) | E1: Magnitude - R | F1: Bread Magnitude - Baseline | G1: Time[s] | H1: ln with baseline | I1: ln(Magnitude)
A2: 1000 | B2: 3069.5647 | C2: -22.198101 | D2: Tue Nov 23 15:37:12 2021 | E2: =B2-$P$3 -> 1591.5647 | F2: =E2-$R$3 -> 648.52966 | G2: 0 | H2: =LN(F2) -> 6.4747077 | I2: =LN(B2) -> 8.029291 | L2: All values | P2: Serie Resistor | R2: Baseline
A3: 1000 | B3: 2906.925 | C3: -22.471693 | D3: Tue Nov 23 15:37:21 2021 | E3: =B3-$P$3 -> 1428.925 | F3: =E3-$R$3 -> 485.89001 | G3: 10 | H3: =LN(F3) -> 6.1859823 | I3: =LN(B3) -> 7.9748511 | K3: Tau: | L3: =1/(0.001) -> 1000 | M3: s | P3: 1478 | R3: 943.03504
A4: 1000 | B4: 2806.4639 | C4: -22.541592 | D4: Tue Nov 23 15:37:32 2021 | E4: =B4-$P$3 -> 1328.4639 | F4: =E4-$R$3 -> 385.42883 | G4: 20 | H4: =LN(F4) -> 5.9543566 | I4: =LN(B4) -> 7.9396806 | L4: =L3/60 -> 16.666667 | M4: min
A5: 1000 | B5: 2732.6013 | C5: -22.365442 | D5: Tue Nov 23 15:37:41 2021 | E5: =B5-$P$3 -> 1254.6013 | F5: =E5-$R$3 -> 311.56628 | G5: 30 | H5: =LN(F5) -> 5.7416121 | I5: =LN(B5) -> 7.9130093 | L5: =L4/60 -> 0.27777778 | M5: h
A6: 1000 | B6: 2681.8203 | C6: -22.244139 | D6: Tue Nov 23 15:37:52 2021 | E6: =B6-$P$3 -> 1203.8203 | F6: =E6-$R$3 -> 260.78527 | G6: 40 | H6: =LN(F6) -> 5.5636974 | I6: =LN(B6) -> 7.8942511
A7: 1000 | B7: 2641.3362 | C7: -22.048124 | D7: Tue Nov 23 15:38:02 2021 | E7: =B7-$P$3 -> 1163.3362 | F7: =E7-$R$3 -> 220.30114 | G7: 50 | H7: =LN(F7) -> 5.3949954 | I7: =LN(B7) -> 7.8790402
A8: 1000 | B8: 2611.4531 | C8: -21.913092 | D8: Tue Nov 23 15:38:12 2021 | E8: =B8-$P$3 -> 1133.4531 | F8: =E8-$R$3 -> 190.41809 | G8: 60 | H8: =LN(F8) -> 5.2492221 | I8: =LN(B8) -> 7.8676621
A9: 1000 | B9: 2583.5659 | C9: -21.697395 | D9: Tue Nov 23 15:38:22 2021 | E9: =B9-$P$3 -> 1105.5659 | F9: =E9-$R$3 -> 162.53088 | G9: 70 | H9: =LN(F9) -> 5.090868 | I9: =LN(B9) -> 7.8569259
A10: 1000 | B10: 2562.96 | C10: -21.598494 | D10: Tue Nov 23 15:38:32 2021 | E10: =B10-$P$3 -> 1084.96 | F10: =E10-$R$3 -> 141.92492 | G10: 80 | H10: =LN(F10) -> 4.9552982 | I10: =LN(B10) -> 7.8489181
A11: 1000 | B11: 2543.1775 | C11: -21.413162 | D11: Tue Nov 23 15:38:42 2021 | E11: =B11-$P$3 -> 1065.1775 | F11: =E11-$R$3 -> 122.14245 | G11: 90 | H11: =LN(F11) -> 4.805188 | I11: =LN(B11) -> 7.8411696
A12: 1000 | B12: 2526.8208 | C12: -21.316748 | D12: Tue Nov 23 15:38:52 2021 | E12: =B12-$P$3 -> 1048.8208 | F12: =E12-$R$3 -> 105.78576 | G12: 100 | H12: =LN(F12) -> 4.6614159 | I12: =LN(B12) -> 7.8347172
A13: 1000 | B13: 2513.5913 | C13: -21.206196 | D13: Tue Nov 23 15:39:02 2021 | E13: =B13-$P$3 -> 1035.5913 | F13: =E13-$R$3 -> 92.556269 | G13: 110 | H13: =LN(F13) -> 4.5278168 | I13: =LN(B13) -> 7.8294678
A14: 1000 | B14: 2499.6409 | C14: -21.068115 | D14: Tue Nov 23 15:39:12 2021 | E14: =B14-$P$3 -> 1021.6409 | F14: =E14-$R$3 -> 78.605829 | G14: 120 | H14: =LN(F14) -> 4.3644459 | I14: =LN(B14) -> 7.8239023
A15: 1000 | B15: 2487.0518 | C15: -20.911022 | D15: Tue Nov 23 15:39:22 2021 | E15: =B15-$P$3 -> 1009.0518 | F15: =E15-$R$3 -> 66.016718 | G15: 130 | H15: =LN(F15) -> 4.189908 | I15: =LN(B15) -> 7.8188533
A16: 1000 | B16: 2475.8423 | C16: -20.783312 | D16: Tue Nov 23 15:39:32 2021 | E16: =B16-$P$3 -> 997.84229 | F16: =E16-$R$3 -> 54.807245 | G16: 140 | H16: =LN(F16) -> 4.0038224 | I16: =LN(B16) -> 7.8143359
A17: 1000 | B17: 2466.2771 | C17: -20.723 | D17: Tue Nov 23 15:39:42 2021 | E17: =B17-$P$3 -> 988.2771 | F17: =E17-$R$3 -> 45.24206 | G17: 150 | H17: =LN(F17) -> 3.8120272 | I17: =LN(B17) -> 7.810465
... A27: 1000 | B27: 2409.2656 | C27: -20.369429 | D27: Tue Nov 23 15:41:23 2021 | E27: =B27-$P$3 -> 931.26562 | F27: =E27-$R$3 -> -11.769415 | G27: 250 | H27: =LN(F27) -> #NUM! | I27: =LN(B27) -> 7.7870773
S39: -0.0218
R40: Tau: | S40: =1/ABS(S39) -> 45.87156 | T40: s
S41: =S40/60 -> 0.76452599 | T41: min
S42: =S41/60 -> 0.0127421 | T42: h

Sheet PANI_3rdPhase
A1: Freq | B1: Magnitude | C1: Phase | D1: Time (date) | E1: Magnitude - R | F1: Bread Magnitude - Baseline | G1: Time[s] | H1: ln with baseline | I1: ln(Magnitude)
A2: 1000 | B2: 3234.8811 | C2: -17.448256 | D2: Tue Nov 23 15:37:02 2021 | E2: =B2-$P$3 -> 1750.8811 | F2: =E2-$R$3 -> 871.04927 | G2: 0 | H2: =LN(F2) -> 6.7696985 | I2: =LN(B2) -> 8.0817475 | L2: All values | P2: Serie Resistor | R2: Baseline
A3: 1000 | B3: 2802.259 | C3: -17.199556 | D3: Tue Nov 23 15:37:11 2021 | E3: =B3-$P$3 -> 1318.259 | F3: =E3-$R$3 -> 438.4272 | G3: 10 | H3: =LN(F3) -> 6.0831938 | I3: =LN(B3) -> 7.9381812 | K3: Tau: | L3: =1/(0.0005) -> 2000 | M3: s | P3: 1484 | R3: 879.83183
A4: 1000 | B4: 2720.2625 | C4: -17.250154 | D4: Tue Nov 23 15:37:21 2021 | E4: =B4-$P$3 -> 1236.2625 | F4: =E4-$R$3 -> 356.43062 | G4: 20 | H4: =LN(F4) -> 5.8761396 | I4: =LN(B4) -> 7.9084836 | L4: =L3/60 -> 33.333333 | M4: min
A5: 1000 | B5: 2662.5242 | C5: -17.273855 | D5: Tue Nov 23 15:37:32 2021 | E5: =B5-$P$3 -> 1178.5242 | F5: =E5-$R$3 -> 298.69234 | G5: 30 | H5: =LN(F5) -> 5.6994141 | I5: =LN(B5) -> 7.8870299 | L5: =L4/60 -> 0.55555556 | M5: h
A6: 1000 | B6: 2618.9663 | C6: -17.189734 | D6: Tue Nov 23 15:37:41 2021 | E6: =B6-$P$3 -> 1134.9663 | F6: =E6-$R$3 -> 255.13448 | G6: 40 | H6: =LN(F6) -> 5.5417908 | I6: =LN(B6) -> 7.870535
A7: 1000 | B7: 2581.0762 | C7: -17.042721 | D7: Tue Nov 23 15:37:52 2021 | E7: =B7-$P$3 -> 1097.0762 | F7: =E7-$R$3 -> 217.24434 | G7: 50 | H7: =LN(F7) -> 5.3810227 | I7: =LN(B7) -> 7.8559617
A8: 1000 | B8: 2556.8079 | C8: -16.995785 | D8: Tue Nov 23 15:38:01 2021 | E8: =B8-$P$3 -> 1072.8079 | F8: =E8-$R$3 -> 192.97603 | G8: 60 | H8: =LN(F8) -> 5.262566 | I8: =LN(B8) -> 7.8465148
A9: 1000 | B9: 2528.8311 | C9: -16.816982 | D9: Tue Nov 23 15:38:11 2021 | E9: =B9-$P$3 -> 1044.8311 | F9: =E9-$R$3 -> 164.99923 | G9: 70 | H9: =LN(F9) -> 5.1059408 | I9: =LN(B9) -> 7.8355124
A10: 1000 | B10: 2509.8896 | C10: -16.731211 | D10: Tue Nov 23 15:38:21 2021 | E10: =B10-$P$3 -> 1025.8896 | F10: =E10-$R$3 -> 146.05782 | G10: 80 | H10: =LN(F10) -> 4.9840026 | I10: =LN(B10) -> 7.8279941
A11: 1000 | B11: 2488.2178 | C11: -16.563488 | D11: Tue Nov 23 15:38:32 2021 | E11: =B11-$P$3 -> 1004.2178 | F11: =E11-$R$3 -> 124.38594 | G11: 90 | H11: =LN(F11) -> 4.8233892 | I11: =LN(B11) -> 7.819322
A12: 1000 | B12: 2471.783 | C12: -16.371506 | D12: Tue Nov 23 15:38:42 2021 | E12: =B12-$P$3 -> 987.78296 | F12: =E12-$R$3 -> 107.95113 | G12: 100 | H12: =LN(F12) -> 4.6816786 | I12: =LN(B12) -> 7.812695
A13: 1000 | B13: 2456.9045 | C13: -16.317423 | D13: Tue Nov 23 15:38:52 2021 | E13: =B13-$P$3 -> 972.90454 | F13: =E13-$R$3 -> 93.072711 | G13: 110 | H13: =LN(F13) -> 4.533381 | I13: =LN(B13) -> 7.8066575
A14: 1000 | B14: 2445.9834 | C14: -16.228619 | D14: Tue Nov 23 15:39:01 2021 | E14: =B14-$P$3 -> 961.9834 | F14: =E14-$R$3 -> 82.151568 | G14: 120 | H14: =LN(F14) -> 4.4085659 | I14: =LN(B14) -> 7.8022025
A15: 1000 | B15: 2433.6985 | C15: -16.017441 | D15: Tue Nov 23 15:39:12 2021 | E15: =B15-$P$3 -> 949.69849 | F15: =E15-$R$3 -> 69.866656 | G15: 130 | H15: =LN(F15) -> 4.2465885 | I15: =LN(B15) -> 7.7971674
A16: 1000 | B16: 2424.3926 | C16: -15.973346 | D16: Tue Nov 23 15:39:22 2021 | E16: =B16-$P$3 -> 940.39258 | F16: =E16-$R$3 -> 60.560748 | G16: 140 | H16: =LN(F16) -> 4.103647 | I16: =LN(B16) -> 7.7933363
A17: 1000 | B17: 2411.3459 | C17: -15.820227 | D17: Tue Nov 23 15:39:32 2021 | E17: =B17-$P$3 -> 927.34595 | F17: =E17-$R$3 -> 47.514117 | G17: 150 | H17: =LN(F17) -> 3.8610269 | I17: =LN(B17) -> 7.7879404
... A28: 1000 | B28: 2341.2371 | C28: -14.930567 | D28: Tue Nov 23 15:41:22 2021 | E28: =B28-$P$3 -> 857.23706 | F28: =E28-$R$3 -> -22.594769 | G28: 260 | H28: =LN(F28) -> #NUM! | I28: =LN(B28) -> 7.7584347
T39: -0.0199
S40: Tau: | T40: =1/ABS(T39) -> 50.251256 | U40: s
T41: =T40/60 -> 0.83752094 | U41: min
T42: =T41/60 -> 0.013958682 | U42: h

Sheet Summary
A1: Summary
B2: Cu_1stPhase | C2: PANI_1stPhase | D2: Cu_2ndPhase | E2: PANI_2ndPhase | F2: Cu_3rdPhase | G2: PANI_3rdPhase
A3: Slope | B3: =Cu_1stPhase!S41 -> -0.0017 | C3: =PANI_1stPhase!T40 -> -0.004 | D3: =Cu_2ndPhase!S39 -> -0.0029 | E3: =PANI_2ndPhase!T40 -> -0.0127 | F3: =Cu_3rdPhase!S39 -> -0.0218 | G3: =PANI_3rdPhase!T39 -> -0.0199
A4: Tau | B4: =Cu_1stPhase!S42 -> 588.23529 | C4: =PANI_1stPhase!T41 -> 250 | D4: =Cu_2ndPhase!S40 -> 344.82759 | E4: =PANI_2ndPhase!T41 -> 78.740157 | F4: =Cu_3rdPhase!S40 -> 45.87156 | G4: =PANI_3rdPhase!T40 -> 50.251256 | H4: s
